Molecule name,Molecular weight,Area,Smiles,Total electronic energy (eV),HOMO (eV),LUMO(ev),HOMO/LUMO gap (eV),Chemical hardness,Dipole moment,Polarizability,,
 10-Heneicosenect,294.567,0.34402,CCCCCCCCCCC=CCCCCCCCCC,-22425.36187,-7.7388,1.1952,8.934,4.467,0.34848,251.39377,,
 1-Docosene,308.594,2.39478,CCCCCCCCCCCCCCCCCCCCC=C,-23493.19279,-8.2267,0.9442,9.1709,4.5854,0.43659,260.07646,,
 1-Dodecene,168.324,0.31396,CCCCCCCCCCC=C,-12813.99376,-8.2286,0.9573,9.1859,4.593,0.41962,143.99329,,
 1-Heptadecene,238.459,0.4175,CCCCCCCCCCCCCCCC=C,-18153.69543,-8.2017,1.1439,9.3456,4.6728,0.47397,200.29368,,
 1-Nonadecene,266.513,0.43754,CCCCCCCCCCCCCCCCCC=C,-20289.54353,-8.1923,1.1604,9.3527,4.6763,0.58509,225.3042,,
 1-Octadecene,252.486,0.43754,CCCCCCCCCCCCCCCCC=C,-19221.45848,-8.1841,1.076,9.2601,4.6301,0.51221,214.47466,,
 1-Pentadecene,210.405,0.50768,CCCCCCCCCCCCCC=C,-16017.75876,-8.2047,1.0499,9.2546,4.6273,0.56227,179.09002,,
 1-Tetracosene,336.648,2.47828,CCCCCCCCCCCCCCCCCCCCCCC=C,-25628.8965,-8.2323,0.9417,9.174,4.587,0.45369,283.37989,,
 1-Tetradecene,196.378,0.46426,CCCCCCCCCCCCC=C,-14949.82205,-8.128,0.9695,9.0975,4.5488,0.34252,165.55618,,
 1-Tricosene,322.621,0.25384,CCCCCCCCCCCCCCCCCCCCCC=C,-24561.03743,-8.2046,0.9377,9.1423,4.5711,0.40988,270.08124,,
 1-Tridecene,182.351,0.37408,CCCCCCCCCCCC=C,-13881.74668,-8.1725,1.0549,9.2274,4.6137,0.44918,151.29755,,
 1-Undecene,154.297,0.45424,CCCCCCCCCC=C,-11746.11226,-8.1997,1.0042,9.2039,4.602,0.41557,131.0206,,
 236-trimethylPhenol,136.194,0.34632,CC1=C(C(=C(C=C1)C)O)C,-11556.37713,-6.9322,0.6208,7.553,3.7765,1.73608,106.39091,,
 23-dihydroBenzofuran,120.151,0.73926,C1COC2=CC=CC=C21,-10455.09882,-6.9881,0.2844,7.2725,3.6362,1.61737,88.40383,,
 23-Dimethylhydroquinone,138.166,3.90942,CC1=C(C=CC(=C1C)O)O,-12532.21412,-6.5373,0.3927,6.93,3.465,0.70698,97.25279,,
 24-dimethylPhenol,122.167,3.43656,CC1=CC(=C(C=C1)O)C,-10488.35458,-6.9197,0.452,7.3717,3.6858,1.04401,94.23294,,
 25-dimethylPhenol,122.167,0.70596,CC1=CC(=C(C=C1)C)O,-10488.37865,-7.0395,0.4531,7.4926,3.7463,1.36303,94.43023,,
 26-dimethyl-14-Benzenediol,138.166,1.08558,CC1=CC(=CC(=C1O)C)O,-12532.30477,-6.5313,0.4862,7.0175,3.5088,0.46157,98.16965,,
 26-dimethylPhenol,122.167,0.82394,CC1=C(C(=CC=C1)C)O,-10488.38086,-7.0522,0.5954,7.6476,3.8238,1.48893,93.61917,,
 2-ethyl-5-methyl-Phenol,136.194,1.8648,CCC1=C(C=C(C=C1)C)O,-11556.29399,-7.0218,0.5057,7.5275,3.7637,1.4022,106.53909,,
 2-ethylPhenol,122.167,0.2997,CCC1=CC=CC=C1O,-10488.25454,-7.1848,0.3995,7.5843,3.7921,1.12657,92.86912,,
 2-methoxy-4-1-propenyl-Phenol,164.204,1.49878,CC=CC1=CC(=C(C=C1)O)OC,-14634.02062,-6.4217,-0.1198,6.3019,3.151,0.66426,131.23827,,
 2-Methoxy-4-vinylphenol,150.177,2.39142,COC1=C(C=CC(=C1)C=C)O,-13565.93795,-6.6094,-0.3026,6.3068,3.1534,0.35966,116.05802,,
 2-Methoxy-6-methylphenol,138.166,0.07348,CC1=C(C(=CC=C1)OC)O,-12531.68102,-6.7304,0.7206,7.451,3.7255,0.79274,98.79526,,
 2-methoxyPhenol,124.139,1.85918,COC1=CC=CC=C1O,-11463.63834,-6.8215,0.592,7.4135,3.7067,0.63036,85.98349,,
 2-methyl-13-Benzenediol,124.139,1.38528,CC1=C(C=CC=C1O)O,-11464.34656,-7.0516,0.6124,7.664,3.832,1.55189,84.79702,,
 2-methyl-14-Benzenedicarboxaldehyde,148.161,0.79254,CC1=C(C=CC(=C1)C=O)C=O,-13533.58352,-8.6692,-2.2688,6.4004,3.2002,0.78842,109.015,,
 2-methyl-6-2-propenyl-Phenol,148.205,0.57942,CC1=C(C(=CC=C1)CC=C)O,-12590.53513,-7.0642,0.1595,7.2237,3.6119,1.52439,117.79716,,
 2-methylPhenol,108.14,6.58674,CC1=CC=CC=C1O,-9420.33245,-7.1904,0.44,7.6304,3.8152,1.73364,80.69548,,
 345-trimethyl-Phenol,136.194,0.5661,CC1=CC(=CC(=C1C)C)O,-11556.30011,-6.8649,0.5618,7.4267,3.7133,1.48465,106.30558,,
 34-dimethylPhenol,122.167,1.23876,CC1=C(C=C(C=C1)O)C,-10488.33865,-6.9528,0.4688,7.4216,3.7108,1.74664,93.71954,,
 3-EicoseneE-,280.54,0.72144,CCCCCCCCCCCCCCCCC=CCC,-21357.46445,-7.7422,1.2919,9.0341,4.5171,0.33183,238.48441,,
 3-methylPhenol,108.14,2.73726,CC1=CC(=CC=C1)O,-9420.33044,-7.1998,0.4193,7.6191,3.8095,1.67626,81.19342,,
 4-2-propenyl-Phenol,134.178,0.51282,C=CCC1=CC=C(C=C1)O,-11522.39454,-7.1388,0.1926,7.3314,3.6657,1.48322,105.79104,,
 4-ethyl-2-methoxyPhenol,152.193,1.8986,CCC1=CC(=C(C=C1)O)OC,-13599.76733,-6.7172,0.5899,7.3071,3.6536,2.7082,110.61438,,
 4-Ethylcatechol,138.166,2.94372,CCC1=CC(=C(C=C1)O)O,-12532.24149,-6.8155,0.5038,7.3193,3.6597,2.53438,97.73967,,
 4-ethylPhenol,122.167,2.35098,CCC1=CC=C(C=C1)O,-10488.07838,-7.5121,0.3062,7.8183,3.9092,1.59793,92.89831,,
 4-methyl-12-Benzenediol,124.139,6.27372,CC1=CC(=C(C=C1)O)O,-11464.31726,-6.8574,0.466,7.3234,3.6617,2.1981,85.56859,,
 5-methyl-2-Furancarboxaldehyde,110.112,0.47286,CC1=CC=C(O1)C=O,-10395.51269,-7.6788,-1.0958,6.583,3.2915,4.37888,75.55642,,
 Apocynin,166.176,0.75924,CC(=O)C1=CC(=C(C=C1)O)OC,-15610.81664,-7.277,-0.7828,6.4942,3.2471,1.74577,114.22451,,
 Catechol,110.112,2.19114,C1=CC=C(C(=C1)O)O,-10396.29249,-7.0174,0.4694,7.4868,3.7434,2.41077,72.31294,,
 Cetene,224.432,0.56446,CCCCCCCCCCCCCCC=C,-17085.73059,-8.2065,1.0661,9.2726,4.6363,0.472,191.89332,,
 cis-Vaccenicacid,282.468,4.89716,CCCCCCC=CCCCCCCCCCC(=O)O,-23277.27155,-7.7273,1.0185,8.7458,4.3729,1.61596,220.46681,,
 Docosane,310.61,0.23046,CCCCCCCCCCCCCCCCCCCCCC,-23526.97852,-9.1624,1.5346,10.697,5.3485,0.03419,261.7917,,
 Dodecane,170.34,0.13694,CCCCCCCCCCCC,-12847.67906,-9.3995,1.4933,10.8928,5.4464,0.01574,142.38281,,
 Eicosane,282.556,0.19038,CCCCCCCCCCCCCCCCCCCC,-21391.22556,-9.3022,1.6756,10.9778,5.4889,0.10482,238.91793,,
 Eicosanoicacid,312.538,2.84902,CCCCCCCCCCCCCCCCCCCC(=O)O,-25446.53141,-9.2922,1.0819,10.3741,5.187,1.68398,240.95926,,
 Furfural,96.085,1.41192,C1=COC(=C1)C=O,-9327.29501,-8.0515,-1.2478,6.8037,3.4019,3.59259,61.29426,,
 Heneicosane,296.583,0.49098,CCCCCCCCCCCCCCCCCCCCC,-22458.99874,-9.2997,1.5558,10.8555,5.4277,0.03171,249.36923,,
 Heptacos-1-ene,378.729,0.17702,CCCCCCCCCCCCCCCCCCCCCCCCCC=C,-28832.58653,-8.2147,0.9697,9.1844,4.5922,0.46272,319.19107,,
 Heptadecane,240.475,0.17702,CCCCCCCCCCCCCCCCC,-18187.30587,-9.3055,1.4701,10.7756,5.3878,0.07371,201.65854,,
 Hexacosanal,380.701,0.14362,CCCCCCCCCCCCCCCCCCCCCCCCCC=O,-29809.1625,-8.5735,0.192,8.7655,4.3827,2.68712,306.89345,,
 Hexacosanoicacid,396.7,1.76018,CCCCCCCCCCCCCCCCCCCCCCCCCC(=O)O,-31854.10423,-9.1094,1.0605,10.1699,5.085,2.21321,310.90968,,
 Hexadecane,226.448,0.17034,CCCCCCCCCCCCCCCC,-17119.45946,-9.4137,1.5448,10.9585,5.4793,0.11283,189.79778,,
 Hexadecanoicacid,256.43,1.3694,CCCCCCCCCCCCCCCC(=O)O,-21174.98277,-9.307,1.0859,10.3929,5.1965,1.60798,193.27661,,
 Nonadecane,268.529,0.2672,CCCCCCCCCCCCCCCCCCC,-20323.18292,-9.225,1.5315,10.7565,5.3782,0.0409,225.34906,,
 Nonadecanoicacid,298.511,0.666,CCCCCCCCCCCCCCCCCCC(=O)O,-24378.77693,-9.1759,0.9265,10.1024,5.0512,1.69165,229.12438,,
 n-Tetracosanol-1,354.663,0.52438,CCCCCCCCCCCCCCCCCCCCCCCCO,-27706.60232,-8.945,1.1724,10.1174,5.0587,1.95571,287.15748,,
 Octadecane,254.502,0.15364,CCCCCCCCCCCCCCCCCC,-19255.20716,-9.2321,1.479,10.7111,5.3556,0.08802,213.86653,,
 Octadecanoicacid,284.484,1.8087,CCCCCCCCCCCCCCCCCC(=O)O,-23310.86877,-9.2999,0.9354,10.2353,5.1176,1.53221,215.33369,,
 Palmitoleicacid,254.414,0.61272,CCCCCCC=CCCCCCCCC(=O)O,-21141.27198,-7.6798,1.0484,8.7282,4.3641,1.51123,192.30137,,
 p-Cumenol,136.194,0.58608,CC(C)C1=CC=C(C=C1)O,-11556.17246,-7.0766,0.3174,7.394,3.697,1.32645,105.32214,,
 Pentacos-1-ene,350.675,0.54612,CCCCCCCCCCCCCCCCCCCCCCCC=C,-26696.84402,-8.1678,1.0634,9.2312,4.6156,0.34308,294.30183,,
 Pentadecane,212.421,0.2171,CCCCCCCCCCCCCCC,-16051.59904,-9.3899,1.6619,11.0518,5.5259,0.06638,179.63304,,
 Pentadecanoicacid,242.403,1.10934,CCCCCCCCCCCCCCC(=O)O,-20106.90748,-9.2643,1.081,10.3453,5.1726,1.58717,181.9615,,
 Phenol,94.113,3.82284,C1=CC=C(C=C1)O,-8352.28534,-7.3436,0.2841,7.6277,3.8139,1.34671,68.15307,,
 Stigmast-4-en-3-one,412.702,0.2839,CCC(CCC(C)C1CCC2C1(CCC3C2CCC4=CC(=O)CCC34C)C)C(C)C,-32848.3887,-7.9881,-0.581,7.4071,3.7035,4.71037,323.06445,,
 Stigmast-5-ene3-methoxy-3,428.745,0.84836,CCC(CCC(C)C1CCC2C1(CCC3C2CC=C4C3(CCC(C4)OC)C)C)C(C)C,-33949.04282,-7.2599,1.162,8.4219,4.211,0.92636,335.16274,,
 Tetracosanal,352.647,0.19372,CCCCCCCCCCCCCCCCCCCCCCCC=O,-27673.25916,-8.5654,0.1934,8.7588,4.3794,2.67957,284.14659,,
 Tetracosane,338.664,0.37074,CCCCCCCCCCCCCCCCCCCCCCCC,-25662.76358,-9.2524,1.1754,10.4278,5.2139,0.16405,281.39971,,
 Tetracosanoicacid,368.646,5.8784,CCCCCCCCCCCCCCCCCCCCCCCC(=O)O,-29718.30192,-9.167,1.0139,10.1809,5.0904,1.51159,288.51864,,
 Tetracosanoicacidmethylester,382.673,0.30394,CCCCCCCCCCCCCCCCCCCCCCCC(=O)OC,-30785.84657,-9.1769,1.2055,10.3824,5.1912,1.82916,297.83419,,
 Tetradecane,198.394,0.25718,CCCCCCCCCCCCCC,-14983.58246,-9.2897,1.42,10.7097,5.3548,0.08848,165.40164,,
 Tricosane,324.637,0.41082,CCCCCCCCCCCCCCCCCCCCCCC,-24594.6795,-9.2511,1.4584,10.7095,5.3547,0.07348,272.10214,,
 Tridecane,184.367,0.16032,CCCCCCCCCCCCC,-13915.44829,-9.3026,1.5462,10.8488,5.4244,0.1022,152.63352,,
