Molecule name,Molecular weight,Area,Smiles,Total electronic energy (eV),HOMO (eV),LUMO(ev),HOMO/LUMO gap (eV),Chemical hardness,Dipole moment,Polarizability
 10-Henicosene,294.567,1.03,CCCCCCCCCCC=CCCCCCCCCC,-22425.36187,-7.7388,1.1952,8.934,4.467,0.34848,251.39377
 1-Docosene,308.594,7.17,CCCCCCCCCCCCCCCCCCCCC=C,-23493.19279,-8.2267,0.9442,9.1709,4.5854,0.43659,260.07646
 1-Dodecene,168.324,0.94,CCCCCCCCCCC=C,-12813.99376,-8.2286,0.9573,9.1859,4.593,0.41962,143.99329
 1-Heptadecene,238.459,1.25,CCCCCCCCCCCCCCCC=C,-18153.69543,-8.2017,1.1439,9.3456,4.6728,0.47397,200.29368
 1-Nonadecene,266.513,1.31,CCCCCCCCCCCCCCCCCC=C,-20289.54353,-8.1923,1.1604,9.3527,4.6763,0.58509,225.3042
 1-Octadecene,252.486,1.31,CCCCCCCCCCCCCCCCC=C,-19221.45848,-8.1841,1.076,9.2601,4.6301,0.51221,214.47466
 1-Pentadecene,210.405,1.52,CCCCCCCCCCCCCC=C,-16017.75876,-8.2047,1.0499,9.2546,4.6273,0.56227,179.09002
 1-Tetracosene,336.648,7.42,CCCCCCCCCCCCCCCCCCCCCCC=C,-25628.8965,-8.2323,0.9417,9.174,4.587,0.45369,283.37989
 1-Tetradecene,196.378,1.39,CCCCCCCCCCCCC=C,-14949.82205,-8.128,0.9695,9.0975,4.5488,0.34252,165.55618
 1-Tricosene,322.621,0.76,CCCCCCCCCCCCCCCCCCCCCC=C,-24561.03743,-8.2046,0.9377,9.1423,4.5711,0.40988,270.08124
 1-Tridecene,182.351,1.12,CCCCCCCCCCCC=C,-13881.74668,-8.1725,1.0549,9.2274,4.6137,0.44918,151.29755
 1-Undecene,154.297,1.36,CCCCCCCCCC=C,-11746.11226,-8.1997,1.0042,9.2039,4.602,0.41557,131.0206
 2-methoxy-4-1-propenyl-Phenol,164.204,0.28,CC=CC1=CC(=C(C=C1)O)OC,-14634.02062,-6.4217,-0.1198,6.3019,3.151,0.66426,131.23827
 2-Methoxy-4-vinylphenol,150.177,0.48,COC1=C(C=CC(=C1)C=C)O,-13565.91788,-6.5648,-0.2527,6.3121,3.1561,0.20454,116.29933
 2-Methoxy-6-methylphenol,138.166,0.22,CC1=C(C(=CC=C1)OC)O,-12531.68102,-6.7304,0.7206,7.451,3.7255,0.79274,98.79526
 2-methoxyPhenol,124.139,1.04,COC1=CC=CC=C1O,-11463.82026,-6.9016,0.5922,7.4938,3.7469,2.64476,85.33341
 3-EicoseneE-,280.54,2.16,CCCCCCCCCCCCCCCCC=CCC,-21357.46445,-7.7422,1.2919,9.0341,4.5171,0.33183,238.48441
 4-ethyl-2-methoxyPhenol,152.193,0.5,CCC1=CC(=C(C=C1)O)OC,-13599.58495,-6.6584,0.6062,7.2646,3.6323,0.93876,111.24861
 Cetene,224.432,1.69,CCCCCCCCCCCCCCC=C,-17085.73059,-8.2065,1.0661,9.2726,4.6363,0.472,191.89332
 cis-Vaccenicacid,282.468,8.72,CCCCCCC=CCCCCCCCCCC(=O)O,-23277.22294,-7.7114,1.0339,8.7453,4.3727,1.83198,219.84641
 Docosane,310.61,0.69,CCCCCCCCCCCCCCCCCCCCCC,-23526.97852,-9.1624,1.5346,10.697,5.3485,0.03419,261.7917
 Dodecane,170.34,0.41,CCCCCCCCCCCC,-12847.67906,-9.3995,1.4933,10.8928,5.4464,0.01574,142.38281
 Eicosane,282.556,0.57,CCCCCCCCCCCCCCCCCCCC,-21391.22556,-9.3022,1.6756,10.9778,5.4889,0.10482,238.91793
 Eicosanoicacid,312.538,8.53,CCCCCCCCCCCCCCCCCCCC(=O)O,-25446.53141,-9.2922,1.0819,10.3741,5.187,1.68398,240.95926
 Heneicosane,296.583,1.47,CCCCCCCCCCCCCCCCCCCCC,-22458.99874,-9.2997,1.5558,10.8555,5.4277,0.03171,249.36923
 Heptacos-1-ene,378.729,0.53,CCCCCCCCCCCCCCCCCCCCCCCCCC=C,-28832.58653,-8.2147,0.9697,9.1844,4.5922,0.46272,319.19107
 Heptadecane,240.475,0.53,CCCCCCCCCCCCCCCCC,-18187.30587,-9.3055,1.4701,10.7756,5.3878,0.07371,201.65854
 Hexacosanal,380.701,0.43,CCCCCCCCCCCCCCCCCCCCCCCCCC=O,-29809.1625,-8.5735,0.192,8.7655,4.3827,2.68712,306.89345
 Hexacosanoicacid,396.7,5.27,CCCCCCCCCCCCCCCCCCCCCCCCCC(=O)O,-31854.10423,-9.1094,1.0605,10.1699,5.085,2.21321,310.90968
 Hexadecane,226.448,0.51,CCCCCCCCCCCCCCCC,-17119.45946,-9.4137,1.5448,10.9585,5.4793,0.11283,189.79778
n-Hexadecanoicacid,256.43,4.1,CCCCCCCCCCCCCCCC(=O)O,-21174.98277,-9.307,1.0859,10.3929,5.1965,1.60798,193.27661
 Nonadecane,268.529,0.8,CCCCCCCCCCCCCCCCCCC,-20323.18292,-9.225,1.5315,10.7565,5.3782,0.0409,225.34906
 n-Tetracosanol-1,354.663,1.57,CCCCCCCCCCCCCCCCCCCCCCCCO,-27706.60232,-8.945,1.1724,10.1174,5.0587,1.95571,287.15748
 Octadecane,254.502,0.46,CCCCCCCCCCCCCCCCCC,-19255.20716,-9.2321,1.479,10.7111,5.3556,0.08802,213.86653
 Octadecanoicacid,284.484,3.84,CCCCCCCCCCCCCCCCCC(=O)O,-23310.95987,-9.2996,1.0763,10.3759,5.1879,1.51142,218.83652
 Pentadecane,212.421,0.65,CCCCCCCCCCCCCCC,-16051.59904,-9.3899,1.6619,11.0518,5.5259,0.06638,179.63304
 Pentadecanoicacid,242.403,0.45,CCCCCCCCCCCCCCC(=O)O,-20107.05387,-9.2646,0.9733,10.2379,5.1189,1.56455,179.75609
 26-dimethylPhenol,122.167,1.43,CC1=C(C(=CC=C1)C)O,-10488.38076,-7.0515,0.5955,7.647,3.8235,1.48484,93.61733
 Stigmast-4-en-3-one,412.702,0.85,CCC(CCC(C)C1CCC2C1(CCC3C2CCC4=CC(=O)CCC34C)C)C(C)C,-32848.3887,-7.9881,-0.581,7.4071,3.7035,4.71037,323.06445
Stigmast-5-ene3beta-methoxy-,428.745,2.54,CCC(CCC(C)C1CCC2C1(CCC3C2CC=C4C3(CCC(C4)OC)C)C)C(C)C,-33949.04282,-7.2599,1.162,8.4219,4.211,0.92636,335.16274
 Tetracosanal,352.647,0.58,CCCCCCCCCCCCCCCCCCCCCCCC=O,-27673.25916,-8.5654,0.1934,8.7588,4.3794,2.67957,284.14659
 Tetracosane,338.664,1.11,CCCCCCCCCCCCCCCCCCCCCCCC,-25662.76358,-9.2524,1.1754,10.4278,5.2139,0.16405,281.39971
 Tetracosanoicacid,368.646,17.6,CCCCCCCCCCCCCCCCCCCCCCCC(=O)O,-29718.30192,-9.167,1.0139,10.1809,5.0904,1.51159,288.51864
 Tetracosanoicacidmethylester,382.673,0.91,CCCCCCCCCCCCCCCCCCCCCCCC(=O)OC,-30785.84657,-9.1769,1.2055,10.3824,5.1912,1.82916,297.83419
 Tetradecane,198.394,0.77,CCCCCCCCCCCCCC,-14983.58246,-9.2897,1.42,10.7097,5.3548,0.08848,165.40164
 Tricosane,324.637,1.23,CCCCCCCCCCCCCCCCCCCCCCC,-24594.6795,-9.2511,1.4584,10.7095,5.3547,0.07348,272.10214
 Tridecane,184.367,0.48,CCCCCCCCCCCCC,-13915.44829,-9.3026,1.5462,10.8488,5.4244,0.1022,152.63352
